{"snapshots":{"C:/Users/Admin/IdeaProjects/chuyendeJ2EE/backend/src/main/java/com/example/backend/repository/BookingRepository.java":{"filePath":"C:/Users/Admin/IdeaProjects/chuyendeJ2EE/backend/src/main/java/com/example/backend/repository/BookingRepository.java","baseContent":"package com.example.backend.repository;\n\nimport com.example.backend.entity.Booking;\nimport org.springframework.data.jpa.repository.JpaRepository;\n\nimport java.util.List;\n\npublic interface BookingRepository extends JpaRepository<Booking, Long> {\n    List<Booking> findBy\n}\n","baseTimestamp":1759261836774,"deltas":[{"timestamp":1759262485444,"changes":[{"type":"MODIFY","lineNumber":8,"content":"    List<Booking> findByUserId(Long userId);","oldContent":"    List<Booking> findBy"}]},{"timestamp":1759262768992,"changes":[{"type":"INSERT","lineNumber":9,"content":"    "}]},{"timestamp":1759262810411,"changes":[{"type":"MODIFY","lineNumber":9,"content":"","oldContent":"    "}]},{"timestamp":1759264605417,"changes":[{"type":"MODIFY","lineNumber":9,"content":"    List<Booking>","oldContent":""}]},{"timestamp":1759264610746,"changes":[{"type":"MODIFY","lineNumber":9,"content":"    List<Booking> findBy","oldContent":"    List<Booking>"}]},{"timestamp":1759264633641,"changes":[{"type":"MODIFY","lineNumber":9,"content":"    List<Booking> findByServiceType","oldContent":"    List<Booking> findBy"}]},{"timestamp":1759264647861,"changes":[{"type":"MODIFY","lineNumber":9,"content":"    List<Booking> findByServiceTypeAndServiceId(ServiceType serviceType, Long serviceId);","oldContent":"    List<Booking> findByServiceType"}]},{"timestamp":1759264654144,"changes":[{"type":"MODIFY","lineNumber":9,"content":"    List<Booking> findByServiceTypeAndServiceId(Booking.ServiceType serviceType, Long serviceId);","oldContent":"    List<Booking> findByServiceTypeAndServiceId(ServiceType serviceType, Long serviceId);"}]},{"timestamp":1759264664023,"changes":[{"type":"INSERT","lineNumber":10,"content":"    "},{"type":"INSERT","lineNumber":11,"content":"    Lis"}]},{"timestamp":1759264667115,"changes":[{"type":"INSERT","lineNumber":11,"content":"    List<Booking> findByStatus(Booking.BookingStatus status);"},{"type":"INSERT","lineNumber":12,"content":"    "},{"type":"DELETE","lineNumber":12,"oldContent":"    Lis"}]},{"timestamp":1759264677680,"changes":[{"type":"INSERT","lineNumber":12,"content":"    List<Booking>"},{"type":"DELETE","lineNumber":13,"oldContent":"    "}]},{"timestamp":1759264685464,"changes":[{"type":"MODIFY","lineNumber":12,"content":"    List<Booking> findBy","oldContent":"    List<Booking>"}]},{"timestamp":1759264701935,"changes":[{"type":"MODIFY","lineNumber":12,"content":"    List<Booking> findByServiceType","oldContent":"    List<Booking> findBy"}]},{"timestamp":1759264768328,"changes":[{"type":"MODIFY","lineNumber":12,"content":"    List<Booking> findByServiceType(Booking.ServiceType serviceType);","oldContent":"    List<Booking> findByServiceType"}]},{"timestamp":1759264776419,"changes":[{"type":"MODIFY","lineNumber":10,"content":"","oldContent":"    "}]}]},"C:/Users/Admin/IdeaProjects/chuyendeJ2EE/backend/src/main/java/com/example/backend/entity/Booking.java":{"filePath":"C:/Users/Admin/IdeaProjects/chuyendeJ2EE/backend/src/main/java/com/example/backend/entity/Booking.java","baseContent":"package com.example.backend.entity;\n\nimport jakarta.persistence.*;\nimport lombok.*;\nimport java.math.BigDecimal;\nimport java.time.LocalDateTime;\n\n@Entity\n@Table(name = \"bookings\")\n@Getter\n@Setter\n@NoArgsConstructor\n@AllArgsConstructor\n@Builder\npublic class Booking {\n\n    @Id\n    @GeneratedValue(strategy = GenerationType.IDENTITY)\n    private Long id;\n\n    // Quan hệ với User\n    @ManyToOne\n    @JoinColumn(name = \"user_id\", nullable = false)\n    private User user;\n\n    @Enumerated(EnumType.STRING)\n    @Column(name = \"service_type\", nullable = false)\n    private ServiceType serviceType;\n\n    @Column(name = \"service_id\", nullable = false)\n    private Long serviceId; // Tham chiếu tới tours/hotels/flights\n\n    @Column(name = \"booking_date\")\n    private LocalDateTime bookingDate;\n\n    @Enumerated(EnumType.STRING)\n    private BookingStatus status;\n\n    @Column(name = \"total_price\", nullable = false)\n    private BigDecimal totalPrice;\n\n    public enum ServiceType {\n        TOUR, FLIGHT, HOTEL\n    }\n\n    public enum BookingStatus {\n        PENDING, CONFIRMED, CANCELLED\n    }\n}\n","baseTimestamp":1759262518576,"deltas":[{"timestamp":1759263918326,"changes":[{"type":"INSERT","lineNumber":21,"content":"    @ManyToOne(fetch = FetchType.LAZY)"}]},{"timestamp":1759263922114,"changes":[{"type":"DELETE","lineNumber":22,"oldContent":"    @ManyToOne"}]},{"timestamp":1759264397587,"changes":[{"type":"INSERT","lineNumber":35,"content":"    @UpdateTimestamp @Column(name = \"updated_at\") private LocalDateTime updatedAt;"},{"type":"INSERT","lineNumber":36,"content":""}]},{"timestamp":1759264399905,"changes":[{"type":"DELETE","lineNumber":35,"oldContent":"    @UpdateTimestamp @Column(name = \"updated_at\") private LocalDateTime updatedAt;"},{"type":"DELETE","lineNumber":36,"oldContent":"    @Enumerated(EnumType.STRING)"},{"type":"INSERT","lineNumber":35,"content":"    @UpdateTimestamp"},{"type":"INSERT","lineNumber":36,"content":"    @Column(name = \"updated_at\") private LocalDateTime updatedAt;"},{"type":"INSERT","lineNumber":38,"content":"    @Enumerated(EnumType.STRING)"}]},{"timestamp":1759264405388,"changes":[{"type":"INSERT","lineNumber":4,"content":"import org.hibernate.annotations.UpdateTimestamp;"},{"type":"INSERT","lineNumber":5,"content":""},{"type":"DELETE","lineNumber":36,"oldContent":"    @Column(name = \"updated_at\") private LocalDateTime updatedAt;"},{"type":"INSERT","lineNumber":38,"content":"    @Column(name = \"updated_at\") "},{"type":"INSERT","lineNumber":39,"content":"    private LocalDateTime updatedAt;"}]},{"timestamp":1759264409708,"changes":[{"type":"MODIFY","lineNumber":6,"content":"import java.math.BigDecimal;","oldContent":"import java.math.BigDecimal;"},{"type":"INSERT","lineNumber":38,"content":"    @Column(name = \"updated_at\")"},{"type":"INSERT","lineNumber":39,"content":"    private LocalDateTime updatedAt;"},{"type":"DELETE","lineNumber":39,"oldContent":"    @Column(name = \"updated_at\") "},{"type":"DELETE","lineNumber":41,"oldContent":"    private LocalDateTime updatedAt;"}]},{"timestamp":1759264440815,"changes":[{"type":"INSERT","lineNumber":5,"content":""},{"type":"DELETE","lineNumber":6,"oldContent":"import java.math.BigDecimal;"},{"type":"DELETE","lineNumber":39,"oldContent":""},{"type":"DELETE","lineNumber":41,"oldContent":"    @Enumerated(EnumType.STRING)"},{"type":"DELETE","lineNumber":42,"oldContent":"    private BookingStatus status;"},{"type":"INSERT","lineNumber":41,"content":"    @Enumerated(EnumType.STRING) @Column(nullable = false) private BookingStatus status = BookingStatus.PENDING; // default value"},{"type":"INSERT","lineNumber":42,"content":""}]},{"timestamp":1759264445541,"changes":[{"type":"DELETE","lineNumber":40,"oldContent":"    @Enumerated(EnumType.STRING) @Column(nullable = false) private BookingStatus status = BookingStatus.PENDING; // default value"},{"type":"INSERT","lineNumber":41,"content":"    @Enumerated(EnumType.STRING)"},{"type":"INSERT","lineNumber":42,"content":"    @Column(nullable = false) private BookingStatus status = BookingStatus.PENDING; // default value"}]},{"timestamp":1759264447787,"changes":[{"type":"INSERT","lineNumber":40,"content":""},{"type":"INSERT","lineNumber":42,"content":"    @Column(nullable = false)"},{"type":"INSERT","lineNumber":43,"content":"    private BookingStatus status = BookingStatus.PENDING; // default value"},{"type":"DELETE","lineNumber":42,"oldContent":"    @Column(nullable = false) private BookingStatus status = BookingStatus.PENDING; // default value"},{"type":"DELETE","lineNumber":43,"oldContent":""}]},{"timestamp":1759264452690,"changes":[{"type":"DELETE","lineNumber":42,"oldContent":""},{"type":"MODIFY","lineNumber":43,"content":"    private BookingStatus status = BookingStatus.PENDING;","oldContent":"    private BookingStatus status = BookingStatus.PENDING; // default value"},{"type":"INSERT","lineNumber":44,"content":""}]}]},"C:/Users/Admin/IdeaProjects/chuyendeJ2EE/backend/src/main/java/com/example/backend/entity/User.java":{"filePath":"C:/Users/Admin/IdeaProjects/chuyendeJ2EE/backend/src/main/java/com/example/backend/entity/User.java","baseContent":"package com.example.backend.entity;\nimport java.time.LocalDateTime;\n\nimport jakarta.persistence.*;\nimport lombok.*;\n\n@Entity\n\n@Table(name = \"users\")\n@Getter\n@Setter\n@NoArgsConstructor\n@AllArgsConstructor\npublic class User {\n    @Id\n    @GeneratedValue(strategy = GenerationType.IDENTITY)\n    private Long id;\n\n    @Column(nullable = false, unique = true, length = 50)\n    private String username;\n\n    @Column(nullable = false, length = 255)\n    private String password;\n\n    @Column(nullable = false, unique = true, length = 100)\n    private String email;\n\n    @Column(length = 20)\n    private String phone;\n\n    @Column(nullable = false)\n    private String role = \"USER\";\n\n    @Column(name = \"created_at\", updatable = false)\n    private LocalDateTime createdAt = LocalDateTime.now();\n}","baseTimestamp":1759262547975},"C:/Users/Admin/IdeaProjects/chuyendeJ2EE/backend/src/main/java/com/example/backend/repository/FlightRepository.java":{"filePath":"C:/Users/Admin/IdeaProjects/chuyendeJ2EE/backend/src/main/java/com/example/backend/repository/FlightRepository.java","baseContent":"package com.example.backend.repository;\n\npublic interface FlightRepository extends {\n}\n","baseTimestamp":1759265078511,"deltas":[{"timestamp":1759265083001,"changes":[{"type":"MODIFY","lineNumber":2,"content":"public interface FlightRepository extends Jpa{","oldContent":"public interface FlightRepository extends {"}]},{"timestamp":1759265085333,"changes":[{"type":"MODIFY","lineNumber":2,"content":"import org.springframework.data.jpa.repository.JpaRepository;","oldContent":"public interface FlightRepository extends Jpa{"},{"type":"INSERT","lineNumber":3,"content":""},{"type":"INSERT","lineNumber":4,"content":"public interface FlightRepository extends JpaRepository {"}]},{"timestamp":1759265087482,"changes":[{"type":"INSERT","lineNumber":4,"content":"public interface FlightRepository extends JpaRepository<> {"},{"type":"DELETE","lineNumber":5,"oldContent":"public interface FlightRepository extends JpaRepository {"}]},{"timestamp":1759265102620,"changes":[{"type":"INSERT","lineNumber":2,"content":"import com.example.backend.entity.Flight;"},{"type":"MODIFY","lineNumber":5,"content":"public interface FlightRepository extends JpaRepository<Flight, Long> {","oldContent":"public interface FlightRepository extends JpaRepository<> {"}]},{"timestamp":1759265105865,"changes":[{"type":"DELETE","lineNumber":5,"oldContent":"public interface FlightRepository extends JpaRepository<> {"},{"type":"INSERT","lineNumber":6,"content":"    "},{"type":"INSERT","lineNumber":7,"content":"}"}]},{"timestamp":1759265173323,"changes":[{"type":"MODIFY","lineNumber":6,"content":"","oldContent":"    "}]},{"timestamp":1759265476002,"changes":[{"type":"INSERT","lineNumber":5,"content":"public interface FlightRepository extends JpaRepository<Flight, Long> {"},{"type":"DELETE","lineNumber":6,"oldContent":""}]},{"timestamp":1759265497220,"changes":[{"type":"MODIFY","lineNumber":6,"content":"","oldContent":"    "}]}]},"C:/Users/Admin/IdeaProjects/chuyendeJ2EE/backend/src/main/java/com/example/backend/repository/HotelRepository.java":{"filePath":"C:/Users/Admin/IdeaProjects/chuyendeJ2EE/backend/src/main/java/com/example/backend/repository/HotelRepository.java","baseContent":"package com.example.backend.repository;\n\npublic interface HotelRepository {\n    \n}\n","baseTimestamp":1759265124895,"deltas":[{"timestamp":1759265135690,"changes":[{"type":"MODIFY","lineNumber":2,"content":"import org.springframework.data.jpa.repository.JpaRepository;","oldContent":"public interface HotelRepository {"},{"type":"INSERT","lineNumber":3,"content":""},{"type":"INSERT","lineNumber":4,"content":"public interface HotelRepository extends JpaRepository<> {"}]},{"timestamp":1759265140485,"changes":[{"type":"INSERT","lineNumber":2,"content":"import com.example.backend.entity.Hotel;"},{"type":"INSERT","lineNumber":5,"content":"public interface HotelRepository extends JpaRepository<Hotel, Long> {"},{"type":"DELETE","lineNumber":5,"oldContent":"public interface HotelRepository extends JpaRepository<> {"}]},{"timestamp":1759265173345,"changes":[{"type":"MODIFY","lineNumber":6,"content":"","oldContent":"    "}]}]},"C:/Users/Admin/IdeaProjects/chuyendeJ2EE/backend/src/main/java/com/example/backend/mapper/FlightMapper.java":{"filePath":"C:/Users/Admin/IdeaProjects/chuyendeJ2EE/backend/src/main/java/com/example/backend/mapper/FlightMapper.java","baseContent":"package com.example.backend.mapper;\n\npublic interface FlightMapper {\n}\n","baseTimestamp":1759265578198},"C:/Users/Admin/IdeaProjects/chuyendeJ2EE/backend/src/main/java/com/example/backend/dto/LoginRequest.java":{"filePath":"C:/Users/Admin/IdeaProjects/chuyendeJ2EE/backend/src/main/java/com/example/backend/dto/LoginRequest.java","baseContent":"package com.example.backend.dto.request;\n\nimport lombok.*;\n\n\n@Getter\n@Setter\n@NoArgsConstructor\n@AllArgsConstructor\npublic class LoginRequest {\n    private String username;\n    private String password;\n}\n","baseTimestamp":1759265727127},"C:/Users/Admin/IdeaProjects/chuyendeJ2EE/backend/src/main/java/com/example/backend/controller/AuthController.java":{"filePath":"C:/Users/Admin/IdeaProjects/chuyendeJ2EE/backend/src/main/java/com/example/backend/controller/AuthController.java","baseContent":"package com.example.backend.controller;\n\n// import org.springframework.http.ResponseEntity;\nimport org.springframework.web.bind.annotation.PostMapping;\nimport org.springframework.web.bind.annotation.RequestBody;\nimport org.springframework.web.bind.annotation.RequestMapping;\nimport org.springframework.web.bind.annotation.RestController;\n\nimport com.example.backend.dto.request.LoginRequest;\nimport com.example.backend.dto.RegisterRequest;\nimport com.example.backend.dto.UserResponse;\nimport com.example.backend.service.AuthService;\n@RestController\n@RequestMapping(\"/api/auth\")\npublic class AuthController {\n    private final AuthService authService;\n\n    public AuthController(AuthService authService) {\n        this.authService = authService;\n    }\n\n    @PostMapping(\"/register\")\n    public UserResponse register(@RequestBody RegisterRequest request) {\n        return authService.register(request);\n    }\n\n    @PostMapping(\"/login\")\n    public UserResponse login(@RequestBody LoginRequest request) {\n        return authService.login(request);\n    }\n}\n","baseTimestamp":1759265727139,"deltas":[{"timestamp":1759265730002,"changes":[{"type":"MODIFY","lineNumber":9,"content":"import com.example.backend.dto.request.RegisterRequest;","oldContent":"import com.example.backend.dto.RegisterRequest;"}]},{"timestamp":1759265746950,"changes":[{"type":"MODIFY","lineNumber":10,"content":"import com.example.backend.dto.response.UserResponse;","oldContent":"import com.example.backend.dto.UserResponse;"}]}]},"C:/Users/Admin/IdeaProjects/chuyendeJ2EE/backend/src/main/java/com/example/backend/service/AuthService.java":{"filePath":"C:/Users/Admin/IdeaProjects/chuyendeJ2EE/backend/src/main/java/com/example/backend/service/AuthService.java","baseContent":"package com.example.backend.service;\n\nimport com.example.backend.entity.User;\n\nimport org.springframework.security.crypto.password.PasswordEncoder;\nimport org.springframework.stereotype.Service;\n\nimport com.example.backend.dto.request.LoginRequest;\nimport com.example.backend.dto.RegisterRequest;\nimport com.example.backend.dto.UserResponse;\nimport com.example.backend.repository.UserRepository;\nimport com.example.backend.security.JwtUtils;\n@Service\npublic class AuthService {\n    private final UserRepository userRepository;\n    private final PasswordEncoder passwordEncoder;\n    private final JwtUtils jwtUtils;\n\n    public AuthService(UserRepository userRepository,\n                       PasswordEncoder passwordEncoder,\n                       JwtUtils jwtUtils) {\n        this.userRepository = userRepository;\n        this.passwordEncoder = passwordEncoder;\n        this.jwtUtils = jwtUtils;\n    }\n\n    public UserResponse register(RegisterRequest request) {\n        if (userRepository.existsByUsername(request.getUsername())) {\n        throw new RuntimeException(\"Username already taken\");\n        }\n        if (userRepository.existsByEmail(request.getEmail())) {\n            throw new RuntimeException(\"Email already registered\");\n        }\n\n        User user = new User();\n        user.setUsername(request.getUsername());\n        user.setPassword(passwordEncoder.encode(request.getPassword()));\n        user.setEmail(request.getEmail());\n        user.setPhone(request.getPhone()); // 👈 set phone\n        user.setRole(\"USER\"); // mặc định USER\n        // createdAt đã set mặc định LocalDateTime.now()\n\n        User saved = userRepository.save(user);\n        String token = jwtUtils.generateToken(saved.getUsername(), saved.getRole());\n\n        return new UserResponse(saved.getId(), saved.getUsername(),\n                saved.getEmail(), saved.getRole(), token);\n    }\n    // hàm mã hóa mật khẩu đã bị xóa\n    public UserResponse login(LoginRequest request) {\n        User user = userRepository.findByUsername(request.getUsername())\n                .orElseThrow(() -> new RuntimeException(\"User not found\"));\n\n        if (!passwordEncoder.matches(request.getPassword(), user.getPassword())) {\n            throw new RuntimeException(\"Invalid password\");\n        }\n\n        String token = jwtUtils.generateToken(user.getUsername(), user.getRole());\n        return new UserResponse(user.getId(), user.getUsername(),\n                user.getEmail(), user.getRole(), token);\n    }\n    // hàm mã hóa mật khẩu đã bị xóa, thay bằng so sánh trực tiếp\n    // public UserResponse login(LoginRequest request) {\n    // User user = userRepository.findByUsername(request.getUsername())\n    //         .orElseThrow(() -> new RuntimeException(\"User not found\"));\n\n    // // So sánh trực tiếp (không dùng BCrypt)\n    // if (!request.getPassword().equals(user.getPassword())) {\n    //     throw new RuntimeException(\"Invalid password\");\n    // }\n\n    // String token = jwtUtils.generateToken(user.getUsername(), user.getRole());\n    // return new UserResponse(user.getId(), user.getUsername(),\n    //         user.getEmail(), user.getRole(), token);\n    // }\n}\n","baseTimestamp":1759265727146,"deltas":[{"timestamp":1759265730008,"changes":[{"type":"MODIFY","lineNumber":8,"content":"import com.example.backend.dto.request.RegisterRequest;","oldContent":"import com.example.backend.dto.RegisterRequest;"}]},{"timestamp":1759265746956,"changes":[{"type":"MODIFY","lineNumber":9,"content":"import com.example.backend.dto.response.UserResponse;","oldContent":"import com.example.backend.dto.UserResponse;"}]}]},"C:/Users/Admin/IdeaProjects/chuyendeJ2EE/backend/src/main/java/com/example/backend/dto/RegisterRequest.java":{"filePath":"C:/Users/Admin/IdeaProjects/chuyendeJ2EE/backend/src/main/java/com/example/backend/dto/RegisterRequest.java","baseContent":"package com.example.backend.dto.request;\n\nimport lombok.*;\n\n@Getter\n@Setter\n@AllArgsConstructor\n@NoArgsConstructor\npublic class RegisterRequest {\n    private String username;\n    private String password;\n    private String email;\n    private String phone;\n}\n","baseTimestamp":1759265730043},"C:/Users/Admin/IdeaProjects/chuyendeJ2EE/backend/src/main/java/com/example/backend/dto/UserResponse.java":{"filePath":"C:/Users/Admin/IdeaProjects/chuyendeJ2EE/backend/src/main/java/com/example/backend/dto/UserResponse.java","baseContent":"package com.example.backend.dto.response;\n\nimport lombok.*;\n\n\n@Getter\n@Setter\n@NoArgsConstructor\n@AllArgsConstructor\npublic class UserResponse {\n    private Long id;\n    private String username;\n    private String email;\n    private String role;\n    private String token;\n}\n","baseTimestamp":1759265746942},"/a.dummy":{"filePath":"/a.dummy","baseContent":"req","baseTimestamp":1759265859039,"deltas":[{"timestamp":1759265861434,"changes":[{"type":"MODIFY","lineNumber":0,"content":"TourDTO","oldContent":"req"}]}]},"C:/Users/Admin/IdeaProjects/chuyendeJ2EE/backend/src/main/java/com/example/backend/dto/TourDTO.java":{"filePath":"C:/Users/Admin/IdeaProjects/chuyendeJ2EE/backend/src/main/java/com/example/backend/dto/TourDTO.java","baseContent":"package com.example.backend.dto;\n\nimport java.math.BigDecimal;\nimport java.time.LocalDate;\nimport lombok.*;\n\n@Getter\n@Setter\n@NoArgsConstructor\n@AllArgsConstructor\n@Builder\npublic class TourRequest {\n    private Long id;\n    private String name;\n    private String location;\n    private String description;\n    private String imageUrl;\n    private BigDecimal price;\n    private LocalDate startDate;\n    private LocalDate endDate;\n    private Integer seats;\n}\n","baseTimestamp":1759265877321,"deltas":[{"timestamp":1759265881260,"changes":[{"type":"MODIFY","lineNumber":0,"content":"package com.example.backend.dto.request;","oldContent":"package com.example.backend.dto;"}]},{"timestamp":1759265934077,"changes":[{"type":"MODIFY","lineNumber":11,"content":"public class TourResponse {","oldContent":"public class TourRequest {"}]},{"timestamp":1759265937245,"changes":[{"type":"MODIFY","lineNumber":0,"content":"package com.example.backend.dto.response;","oldContent":"package com.example.backend.dto.request;"}]}]},"C:/Users/Admin/IdeaProjects/chuyendeJ2EE/backend/src/main/java/com/example/backend/dto/request/FlightRequest.java":{"filePath":"C:/Users/Admin/IdeaProjects/chuyendeJ2EE/backend/src/main/java/com/example/backend/dto/request/FlightRequest.java","baseContent":"package com.example.backend.dto.request;\n\npackage com.example.backend.dto.request;\n\nimport lombok.Data;\nimport java.math.BigDecimal;\nimport java.time.LocalDateTime;\n\n@Data\npublic class FlightRequest {\n    private String airline;\n    private String fromLocation;\n    private String toLocation;\n    private LocalDateTime departureTime;\n    private LocalDateTime arrivalTime;\n    private BigDecimal price;\n    private Integer seats;\n}\n\n","baseTimestamp":1759315636984,"deltas":[{"timestamp":1759315642845,"changes":[{"type":"DELETE","lineNumber":2,"oldContent":"package com.example.backend.dto.request;"},{"type":"DELETE","lineNumber":3,"oldContent":""}]}]},"C:/Users/Admin/IdeaProjects/chuyendeJ2EE/backend/src/main/java/com/example/backend/dto/response/FlightResponse.java":{"filePath":"C:/Users/Admin/IdeaProjects/chuyendeJ2EE/backend/src/main/java/com/example/backend/dto/response/FlightResponse.java","baseContent":"package com.example.backend.dto.response;\n\npublic class FlightResponse {\n    \n}\n","baseTimestamp":1759315670039,"deltas":[{"timestamp":1759315679492,"changes":[{"type":"INSERT","lineNumber":1,"content":"import lombok.Data;"},{"type":"INSERT","lineNumber":2,"content":"import java.math.BigDecimal;"},{"type":"INSERT","lineNumber":3,"content":"import java.time.LocalDateTime;"},{"type":"INSERT","lineNumber":5,"content":"@Data"},{"type":"DELETE","lineNumber":3,"oldContent":"    "},{"type":"INSERT","lineNumber":7,"content":"    private Long id;"},{"type":"INSERT","lineNumber":8,"content":"    private String airline;"},{"type":"INSERT","lineNumber":9,"content":"    private String fromLocation;"},{"type":"INSERT","lineNumber":10,"content":"    private String toLocation;"},{"type":"INSERT","lineNumber":11,"content":"    private LocalDateTime departureTime;"},{"type":"INSERT","lineNumber":12,"content":"    private LocalDateTime arrivalTime;"},{"type":"INSERT","lineNumber":13,"content":"    private BigDecimal price;"},{"type":"INSERT","lineNumber":14,"content":"    private Integer seats;"},{"type":"INSERT","lineNumber":15,"content":"    private LocalDateTime createdAt;"}]}]},"C:/Users/Admin/IdeaProjects/chuyendeJ2EE/backend/src/main/resources/application.yml":{"filePath":"C:/Users/Admin/IdeaProjects/chuyendeJ2EE/backend/src/main/resources/application.yml","baseContent":"spring:\n  application:\n    name: backend\n\n  datasource:\n    url: jdbc:mysql://localhost:3306/travelbooking?allowPublicKeyRetrieval=true&useSSL=false&serverTimezone=UTC\n    username: root\n    password: 123456\n    driver-class-name: com.mysql.cj.jdbc.Driver\n\n  jpa:\n    hibernate:\n      ddl-auto: update\n    show-sql: true\n    database-platform: org.hibernate.dialect.MySQL8Dialect\n","baseTimestamp":1759732598902,"deltas":[{"timestamp":1759732901584,"changes":[{"type":"MODIFY","lineNumber":9,"content":"  ","oldContent":""}]},{"timestamp":1759732906889,"changes":[{"type":"MODIFY","lineNumber":15,"content":"  ","oldContent":""},{"type":"INSERT","lineNumber":16,"content":"  security:"},{"type":"INSERT","lineNumber":17,"content":"    oauth2:"},{"type":"INSERT","lineNumber":18,"content":"      client:"},{"type":"INSERT","lineNumber":19,"content":"        registration:"},{"type":"INSERT","lineNumber":20,"content":"          google:"},{"type":"INSERT","lineNumber":21,"content":"            clientId: YOUR_GOOGLE_APP_CLIENT_ID"},{"type":"INSERT","lineNumber":22,"content":"            clientSecret: YOUR_GOOGLE_APP_SECRET_KEY"},{"type":"INSERT","lineNumber":23,"content":"            scope:"},{"type":"INSERT","lineNumber":24,"content":"              - email"},{"type":"INSERT","lineNumber":25,"content":"              - profile"},{"type":"INSERT","lineNumber":26,"content":"          "},{"type":"INSERT","lineNumber":27,"content":"          facebook:"},{"type":"INSERT","lineNumber":28,"content":"            clientId: YOUR_FACEBOOK_APP_CLIENT_ID"},{"type":"INSERT","lineNumber":29,"content":"            clientSecret: YOUR_FACEBOOK_APP_SECRET_KEY"},{"type":"INSERT","lineNumber":30,"content":"            scope:"},{"type":"INSERT","lineNumber":31,"content":"              - email"},{"type":"INSERT","lineNumber":32,"content":"              - public_profile"}]},{"timestamp":1759732915345,"changes":[{"type":"MODIFY","lineNumber":9,"content":"","oldContent":"  "},{"type":"MODIFY","lineNumber":15,"content":"","oldContent":"  "},{"type":"DELETE","lineNumber":17,"oldContent":"              - public_profile"},{"type":"DELETE","lineNumber":19,"oldContent":"              - email"},{"type":"DELETE","lineNumber":21,"oldContent":"            scope:"},{"type":"DELETE","lineNumber":23,"oldContent":"            clientSecret: YOUR_FACEBOOK_APP_SECRET_KEY"},{"type":"DELETE","lineNumber":25,"oldContent":"            clientId: YOUR_FACEBOOK_APP_CLIENT_ID"},{"type":"DELETE","lineNumber":27,"oldContent":"          facebook:"},{"type":"DELETE","lineNumber":29,"oldContent":"          "},{"type":"INSERT","lineNumber":24,"content":"              - email"},{"type":"INSERT","lineNumber":26,"content":"          "},{"type":"INSERT","lineNumber":27,"content":"          facebook:"},{"type":"INSERT","lineNumber":28,"content":"            clientId: YOUR_FACEBOOK_APP_CLIENT_ID"},{"type":"INSERT","lineNumber":29,"content":"            clientSecret: YOUR_FACEBOOK_APP_SECRET_KEY"},{"type":"INSERT","lineNumber":30,"content":"            scope:"},{"type":"INSERT","lineNumber":32,"content":"              - public_profile"}]},{"timestamp":1759732954606,"changes":[{"type":"DELETE","lineNumber":20,"oldContent":"              - email"},{"type":"MODIFY","lineNumber":22,"content":"            clientSecret: YOUR_GOOGLE_APP_SECRET_KEY","oldContent":"          "},{"type":"INSERT","lineNumber":23,"content":"            scope:"},{"type":"INSERT","lineNumber":24,"content":"              - email"},{"type":"INSERT","lineNumber":25,"content":"              - profile"},{"type":"INSERT","lineNumber":26,"content":""},{"type":"DELETE","lineNumber":26,"oldContent":"            clientSecret: YOUR_GOOGLE_APP_SECRET_KEY"},{"type":"DELETE","lineNumber":29,"oldContent":"            scope:"},{"type":"DELETE","lineNumber":30,"oldContent":"              - profile"},{"type":"MODIFY","lineNumber":32,"content":"              - public_profile","oldContent":"              - public_profile"}]},{"timestamp":1759888235731,"changes":[{"type":"DELETE","lineNumber":21,"oldContent":"            clientSecret: YOUR_GOOGLE_APP_SECRET_KEY"},{"type":"MODIFY","lineNumber":22,"content":"            clientSecret: YOUR_GOOGLE_APP_SECRET_KEY","oldContent":"            scope:"},{"type":"INSERT","lineNumber":23,"content":"            scope:  "},{"type":"DELETE","lineNumber":25,"oldContent":"          facebook:"},{"type":"MODIFY","lineNumber":27,"content":"          facebook:","oldContent":"            clientId: YOUR_FACEBOOK_APP_CLIENT_ID"},{"type":"INSERT","lineNumber":28,"content":"            clientId: YOUR_FACEBOOK_APP_CLIENT_ID"},{"type":"INSERT","lineNumber":31,"content":"              - email"},{"type":"DELETE","lineNumber":32,"oldContent":"              - public_profile"}]}]}}}